factor,setting,strategy,lambda_per_h,changeover_s_per_h,avg_tardiness_s,pct_late,avg_flow_s,utilization,wip,unfinished_jobs,changeover_s_per_h_ci95,avg_tardiness_s_ci95,pct_late_ci95,avg_flow_s_ci95,utilization_ci95,wip_ci95,unfinished_jobs_ci95
Baseline,baseline,fcfs,4.94,2045.63,28312.8,0.98,30886.31,1.0,43.24,78.77,32.27,1612.26,0.01,1621.2,0.0,2.74,5.25
Baseline,baseline,edd,4.94,2043.37,27895.78,0.98,30468.78,1.0,42.67,77.9,28.28,1692.19,0.01,1702.21,0.0,2.88,5.3
Baseline,baseline,grouped,4.94,974.21,3297.87,0.71,5597.37,0.97,7.94,8.6,61.96,386.71,0.03,422.26,0.01,0.67,1.8
Load,below window (0.7x),fcfs,2.09,1442.37,1070.81,0.47,3085.16,0.7,1.83,2.27,59.93,241.64,0.05,310.17,0.03,0.22,0.81
Load,below window (0.7x),edd,2.09,1446.16,813.35,0.44,2801.91,0.7,1.65,1.93,49.26,136.03,0.04,192.46,0.03,0.14,0.73
Load,below window (0.7x),grouped,2.09,1177.05,405.6,0.3,2206.47,0.63,1.29,1.37,46.44,61.01,0.02,113.03,0.02,0.09,0.54
Load,light,fcfs,3.58,2020.12,14982.2,0.96,17552.54,0.99,17.71,29.0,46.04,1978.47,0.01,1993.76,0.01,2.26,3.74
Load,light,edd,3.58,2015.33,14308.92,0.96,16880.17,0.99,17.06,28.07,39.2,2031.43,0.01,2044.9,0.01,2.33,3.94
Load,light,grouped,3.58,1303.66,1292.28,0.53,3390.74,0.88,3.43,3.17,53.35,131.01,0.03,164.13,0.02,0.21,1.1
Load,heavy,fcfs,6.31,2059.74,38246.59,0.98,40824.28,1.0,72.23,129.5,26.8,1341.63,0.0,1345.86,0.0,3.44,5.91
Load,heavy,edd,6.31,2058.55,38115.59,0.98,40693.28,1.0,71.97,129.57,28.15,1245.87,0.0,1248.41,0.0,3.24,5.63
Load,heavy,grouped,6.31,469.41,9117.43,0.86,11571.9,1.0,21.03,26.37,63.97,1369.95,0.02,1396.76,0.0,2.69,6.44
Due-date slack k,k = 2,fcfs,4.94,2045.63,29339.61,0.99,30886.31,1.0,43.24,78.77,32.27,1613.46,0.0,1621.2,0.0,2.74,5.25
Due-date slack k,k = 2,edd,4.94,2043.37,28922.13,0.99,30468.78,1.0,42.67,77.9,28.28,1693.93,0.0,1702.21,0.0,2.88,5.3
Due-date slack k,k = 2,grouped,4.94,974.21,4117.0,0.86,5597.37,0.97,7.94,8.6,61.96,405.49,0.02,422.26,0.01,0.67,1.8
Due-date slack k,k = 8,fcfs,4.94,2045.63,26297.74,0.95,30886.31,1.0,43.24,78.77,32.27,1605.62,0.01,1621.2,0.0,2.74,5.25
Due-date slack k,k = 8,edd,4.94,2043.37,25878.12,0.95,30468.78,1.0,42.67,77.9,28.28,1685.54,0.01,1702.21,0.0,2.88,5.3
Due-date slack k,k = 8,grouped,4.94,974.21,2111.42,0.44,5597.37,0.97,7.94,8.6,61.96,336.17,0.03,422.26,0.01,0.67,1.8
Product mix,A-heavy,fcfs,7.25,2188.81,31462.32,0.99,33185.39,1.0,66.82,121.93,22.85,1881.56,0.0,1886.63,0.0,4.45,8.12
Product mix,A-heavy,edd,7.25,2170.89,30517.76,0.99,32241.09,1.0,64.94,118.3,23.19,2000.4,0.0,2005.92,0.0,4.72,8.45
Product mix,A-heavy,grouped,7.25,1040.7,3751.77,0.78,5324.01,0.98,10.86,9.63,69.71,473.41,0.02,497.12,0.01,1.13,4.27
Product mix,B-heavy,fcfs,6.26,2055.98,29461.79,0.98,31478.77,1.0,55.33,96.87,28.93,1903.24,0.0,1909.77,0.0,4.15,6.51
Product mix,B-heavy,edd,6.26,2052.25,29196.16,0.98,31214.64,1.0,54.86,96.7,23.85,1994.08,0.0,1999.96,0.0,4.31,6.8
Product mix,B-heavy,grouped,6.26,1026.0,2925.89,0.74,4736.8,0.98,8.44,9.0,63.7,296.51,0.02,315.08,0.01,0.69,2.79
Product mix,C-heavy,fcfs,3.47,1575.46,20054.4,0.95,24026.92,1.0,23.33,40.4,54.64,1879.34,0.02,1897.08,0.0,2.23,3.9
Product mix,C-heavy,edd,3.47,1566.66,20074.17,0.95,24041.41,1.0,23.41,40.13,52.54,1946.34,0.02,1964.85,0.0,2.35,4.01
Product mix,C-heavy,grouped,3.47,669.62,3050.24,0.53,6383.82,0.96,6.35,6.23,67.84,573.71,0.04,649.02,0.01,0.76,2.13
Changeover variability,0%,fcfs,4.94,2044.44,28306.24,0.98,30879.69,1.0,43.24,78.83,31.58,1625.4,0.01,1634.39,0.0,2.76,5.21
Changeover variability,0%,edd,4.94,2042.98,27892.06,0.98,30465.04,1.0,42.67,77.87,28.75,1693.85,0.01,1703.93,0.0,2.88,5.29
Changeover variability,0%,grouped,4.94,972.4,3263.0,0.71,5560.68,0.97,7.89,8.4,62.06,374.92,0.03,410.65,0.01,0.65,1.81
Changeover variability,200%,fcfs,4.94,2046.93,28318.53,0.98,30892.05,1.0,43.25,78.8,32.91,1602.19,0.01,1611.1,0.0,2.73,5.23
Changeover variability,200%,edd,4.94,2043.08,27890.09,0.98,30463.07,1.0,42.66,77.93,28.48,1690.01,0.01,1699.97,0.0,2.87,5.27
Changeover variability,200%,grouped,4.94,982.34,3302.98,0.71,5602.09,0.97,7.93,8.4,62.92,392.05,0.02,423.2,0.01,0.66,1.7
Batch cap (grouped only),cap 2,fcfs,4.94,2045.63,28312.8,0.98,30886.31,1.0,43.24,78.77,32.27,1612.26,0.01,1621.2,0.0,2.74,5.25
Batch cap (grouped only),cap 2,edd,4.94,2043.37,27895.78,0.98,30468.78,1.0,42.67,77.9,28.28,1692.19,0.01,1702.21,0.0,2.88,5.3
Batch cap (grouped only),cap 2,grouped,4.94,1794.78,20771.67,0.97,23337.8,1.0,32.68,59.8,18.82,1699.62,0.01,1711.3,0.0,2.72,5.43
Batch cap (grouped only),cap 5,fcfs,4.94,2045.63,28312.8,0.98,30886.31,1.0,43.24,78.77,32.27,1612.26,0.01,1621.2,0.0,2.74,5.25
Batch cap (grouped only),cap 5,edd,4.94,2043.37,27895.78,0.98,30468.78,1.0,42.67,77.9,28.28,1692.19,0.01,1702.21,0.0,2.88,5.3
Batch cap (grouped only),cap 5,grouped,4.94,1152.2,5527.42,0.84,7957.15,0.98,11.23,16.3,38.78,986.22,0.03,1023.98,0.01,1.52,2.82
Batch cap (grouped only),cap 10,fcfs,4.94,2045.63,28312.8,0.98,30886.31,1.0,43.24,78.77,32.27,1612.26,0.01,1621.2,0.0,2.74,5.25
Batch cap (grouped only),cap 10,edd,4.94,2043.37,27895.78,0.98,30468.78,1.0,42.67,77.9,28.28,1692.19,0.01,1702.21,0.0,2.88,5.3
Batch cap (grouped only),cap 10,grouped,4.94,995.96,3297.61,0.74,5626.44,0.97,7.97,9.83,59.57,388.87,0.03,428.4,0.01,0.66,1.95
