level,jobs_per_h,k,strategy,changeover_s_per_h,avg_tardiness_s,max_tardiness_s,pct_late,unfinished_jobs,utilization,changeover_s_per_h_ci95,avg_tardiness_s_ci95,max_tardiness_s_ci95,pct_late_ci95,unfinished_jobs_ci95,utilization_ci95
below,2.09,0.5,"First come, first served",1442.3735216184077,2330.123105322014,7764.643753581407,0.8871619558128899,2.2666666666666666,0.7015848125258433,59.93276636259622,297.7238755194018,886.3238034886641,0.01900795949103165,0.8082373433277393,0.029471153627899645
below,2.09,0.5,Earliest due date first,1446.1551180677766,2046.584410254252,6891.6235228427995,0.8872815072870974,1.9333333333333333,0.7042926029473102,49.25603092515998,181.10082404884173,577.144905536907,0.0174755959500009,0.7268008495941164,0.026863100603302197
below,2.09,0.5,Grouped,1177.0534064830315,1457.7819724670412,5679.940981780672,0.8554547537336009,1.3666666666666667,0.6289556116202291,46.43740389316786,95.4221349204765,422.706649538696,0.01739480254140504,0.5414129975315289,0.023350099051905743
below,2.09,0.5,"Grouped, max 5 in a row",1190.5506287052538,1470.9300110270044,5638.042254615389,0.8577532771280146,1.3666666666666667,0.6327161568877188,43.85492670607437,99.46240223721345,394.59531822363783,0.017557855504529634,0.5414129975315289,0.023691646424494808
below,2.09,0.5,OR-Tools planner,1172.4905091549685,1431.4184336225387,5781.084361418077,0.8569643235633282,1.3333333333333333,0.6277432705605391,45.33736392154643,94.69298827587188,417.2039042258472,0.017571865561944316,0.5219708925766663,0.022961621894826187
below,,0.5,PAIRED Grouped minus EDD (lateness s),,-588.8024377872105,,,,,,118.15478243609371,,,,
below,2.09,1.0,"First come, first served",1442.3735216184077,2100.1197527609997,7503.477086914742,0.8722537713501076,2.2666666666666666,0.7015848125258433,59.93276636259622,293.84574827460034,886.3238034886643,0.021171106693462602,0.8082373433277393,0.029471153627899645
below,2.09,1.0,Earliest due date first,1446.1551180677766,1817.0007111170084,6630.456856176138,0.8706111297914876,1.9333333333333333,0.7042926029473102,49.25603092515998,177.98846264279246,577.1449055369079,0.01916920536591634,0.7268008495941164,0.026863100603302197
below,2.09,1.0,Grouped,1177.0534064830315,1238.3145857685836,5418.774315114007,0.8213065905493349,1.3666666666666667,0.6289556116202291,46.43740389316786,92.38425052980386,422.7066495386955,0.019476843015669477,0.5414129975315289,0.023350099051905743
below,2.09,1.0,"Grouped, max 5 in a row",1190.5506287052538,1251.0104711916806,5376.875587948724,0.8243064702310068,1.3666666666666667,0.6327161568877188,43.85492670607437,96.39911118247818,394.59531822363743,0.01969896020808026,0.5414129975315289,0.023691646424494808
below,2.09,1.0,OR-Tools planner,1172.4905091549685,1211.550755150797,5519.917694751414,0.8243418157613789,1.3333333333333333,0.6277432705605391,45.33736392154643,91.34559102932549,417.203904225847,0.020038207106921564,0.5219708925766663,0.022961621894826187
below,,1.0,PAIRED Grouped minus EDD (lateness s),,-578.6861253484251,,,,,,116.71315100177546,,,,
below,2.09,2.0,"First come, first served",1442.3735216184077,1695.365465856759,6981.143753581407,0.7045848538614371,2.2666666666666666,0.7015848125258433,59.93276636259622,281.4187496554053,886.3238034886641,0.035930846140158276,0.8082373433277393,0.029471153627899645
below,2.09,2.0,Earliest due date first,1446.1551180677766,1414.0190000243022,6108.1235228427995,0.6936251297781383,1.9333333333333333,0.7042926029473102,49.25603092515998,167.87270347201604,577.1449055369071,0.029866399068076973,0.7268008495941164,0.026863100603302197
below,2.09,2.0,Grouped,1177.0534064830315,876.0762089884421,4896.440981780672,0.5966919730775432,1.3666666666666667,0.6289556116202291,46.43740389316786,82.94763231873883,422.706649538696,0.025747264522055183,0.5414129975315289,0.023350099051905743
below,2.09,2.0,"Grouped, max 5 in a row",1190.5506287052538,887.5268696779078,4854.542254615389,0.6008904442981358,1.3666666666666667,0.6327161568877188,43.85492670607437,86.98491186823695,394.59531822363783,0.02609665566163573,0.5414129975315289,0.023691646424494808
below,2.09,2.0,OR-Tools planner,1172.4905091549685,851.7725291933101,4997.584361418077,0.5863263190830474,1.3333333333333333,0.6277432705605391,45.33736392154643,80.72505933985369,417.2039042258472,0.025957211258798865,0.5219708925766663,0.022961621894826187
below,,2.0,PAIRED Grouped minus EDD (lateness s),,-537.9427910358606,,,,,,111.30013555574814,,,,
below,2.09,4.0,"First come, first served",1442.3735216184077,1070.8141511132892,5936.477086914742,0.4705003724074593,2.2666666666666666,0.7015848125258433,59.93276636259622,241.63584678362392,886.3238034886643,0.04963050135064903,0.8082373433277393,0.029471153627899645
below,2.09,4.0,Earliest due date first,1446.1551180677766,813.3490802882523,5063.456856176136,0.4418533505321229,1.9333333333333333,0.7042926029473102,49.25603092515998,136.03172138275897,577.1449055369079,0.039149962514388945,0.7268008495941164,0.026863100603302197
below,2.09,4.0,Grouped,1177.0534064830315,405.5961670428223,3851.7743151140075,0.2986336714489399,1.3666666666666667,0.6289556116202291,46.43740389316786,61.01308457073567,422.70664953869556,0.023910902225572406,0.5414129975315289,0.023350099051905743
below,2.09,4.0,"Grouped, max 5 in a row",1190.5506287052538,414.01304348957746,3809.8755879487244,0.3010226812498516,1.3666666666666667,0.6327161568877188,43.85492670607437,64.81962011302008,394.59531822363743,0.02449143816296741,0.5414129975315289,0.023691646424494808
below,2.09,4.0,OR-Tools planner,1172.4905091549685,391.2836078135892,3952.9176947514134,0.2857813064023096,1.3333333333333333,0.6277432705605391,45.33736392154643,58.36660633346068,417.203904225847,0.025513432591781373,0.5219708925766663,0.022961621894826187
below,,4.0,PAIRED Grouped minus EDD (lateness s),,-407.75291324543,,,,,,95.92410204524157,,,,
below,2.09,8.0,"First come, first served",1442.3735216184077,394.1804214914028,3847.143753581407,0.19209305864688248,2.2666666666666666,0.7015848125258433,59.93276636259622,148.51159256243747,886.3238034886641,0.04325549819784034,0.8082373433277393,0.029471153627899645
below,2.09,8.0,Earliest due date first,1446.1551180677766,222.81866939195177,2977.2472723619185,0.1539340103057239,1.9333333333333333,0.7042926029473102,49.25603092515998,63.52054516158453,574.7804000254331,0.031297541619243474,0.7268008495941164,0.026863100603302197
below,2.09,8.0,Grouped,1177.0534064830315,73.09932116484542,1763.3899668911552,0.0643444941037407,1.3666666666666667,0.6289556116202291,46.43740389316786,27.73099611081109,422.1307767528117,0.016816674683290248,0.5414129975315289,0.023350099051905743
below,2.09,8.0,"Grouped, max 5 in a row",1190.5506287052538,73.35538880424598,1721.4912397258724,0.06861533646671066,1.3666666666666667,0.6327161568877188,43.85492670607437,27.740810723218292,393.99291443392207,0.01797500023817438,0.5414129975315289,0.023691646424494808
below,2.09,8.0,OR-Tools planner,1172.4905091549685,72.24032978687902,1865.5697472444938,0.06234550359299792,1.3333333333333333,0.6277432705605391,45.33736392154643,25.74373105768686,415.9015680489542,0.014524976941753306,0.5219708925766663,0.022961621894826187
below,,8.0,PAIRED Grouped minus EDD (lateness s),,-149.71934822710637,,,,,,51.61731458324385,,,,
medium,4.94,0.5,"First come, first served",2045.6271050311504,30114.38648931129,55753.70897881307,0.9929921441111568,78.76666666666667,0.9994174033965204,32.27359203674342,1613.6341262940673,3138.524213832218,0.002426015967956034,5.250338579420945,0.0011915438428422988
medium,4.94,0.5,Earliest due date first,2043.367922127731,29696.859199075367,54865.317949014905,0.9929921441111568,77.9,0.9993447366946528,28.284292007843664,1694.2407295114142,3037.0720617390707,0.002426015967956034,5.29834864693811,0.001340163935497972
medium,4.94,0.5,Grouped,974.2132946952762,4830.999329552617,20557.075431303867,0.9599286400098539,8.6,0.9707612338355459,61.95605250934433,412.2140817076837,2502.1212512889892,0.007298755818893893,1.799096695245618,0.010249378336644454
medium,4.94,0.5,"Grouped, max 5 in a row",1152.1970246342544,7188.428261172358,18599.668875233543,0.9741234403957365,16.3,0.9829436012369349,38.7811958049356,1014.0040563286514,1858.8268059628926,0.005998196905209233,2.8185575292620397,0.009492920452205508
medium,4.94,0.5,OR-Tools planner,992.9859232408281,4509.28089203063,18422.56098110609,0.9565422846235746,8.7,0.9735336337256935,59.37262614497339,388.56281987677903,1868.867916071701,0.007617520957121799,1.4648592424658384,0.010208773533924803
medium,,0.5,PAIRED Grouped minus EDD (lateness s),,-24865.859869522745,,,,,,1489.529869537861,,,,
medium,4.94,1.0,"First come, first served",2045.6271050311504,29855.585472358136,55492.54231214643,0.9892643441745488,78.76666666666667,0.9994174033965204,32.27359203674342,1613.6441147243563,3138.5242138322187,0.0026757669326667195,5.250338579420945,0.0011915438428422988
medium,4.94,1.0,Earliest due date first,2043.367922127731,29438.058182122208,54604.151282348255,0.9892643441745488,77.9,0.9993447366946528,28.284292007843664,1694.216390122858,3037.0720617390707,0.0026757669326667195,5.29834864693811,0.001340163935497972
medium,4.94,1.0,Grouped,974.2132946952762,4583.480348026476,20295.908764637203,0.9326485040813157,8.6,0.9707612338355459,61.95605250934433,410.7627613661066,2502.1212512889883,0.008268023710898579,1.799096695245618,0.010249378336644454
medium,4.94,1.0,"Grouped, max 5 in a row",1152.1970246342544,6935.99085011143,18338.502208566886,0.9601515341525515,16.3,0.9829436012369349,38.7811958049356,1012.6967926121898,1858.8268059628922,0.00862129205169205,2.8185575292620397,0.009492920452205508
medium,4.94,1.0,OR-Tools planner,992.9859232408281,4263.46309992347,18161.394314439425,0.9264132246406779,8.7,0.9735336337256935,59.37262614497339,387.30426104837363,1868.8679160717013,0.009090224901175283,1.4648592424658384,0.010208773533924803
medium,,1.0,PAIRED Grouped minus EDD (lateness s),,-24854.577834095733,,,,,,1490.631431305582,,,,
medium,4.94,2.0,"First come, first served",2045.6271050311504,29339.607853126385,54970.20897881307,0.9860347297880933,78.76666666666667,0.9994174033965204,32.27359203674342,1613.4551322918273,3138.524213832218,0.0032893459176266677,5.250338579420945,0.0011915438428422988
medium,4.94,2.0,Earliest due date first,2043.367922127731,28922.125325327503,54081.817949014905,0.9858386513567207,77.9,0.9993447366946528,28.284292007843664,1693.9332400230696,3037.0720617390707,0.0034909997382346395,5.29834864693811,0.001340163935497972
medium,4.94,2.0,Grouped,974.2132946952762,4117.003690087193,19773.575431303867,0.8576129344190654,8.6,0.9707612338355459,61.95605250934433,405.486390668031,2502.1212512889892,0.0161924626545661,1.799096695245618,0.010249378336644454
medium,4.94,2.0,"Grouped, max 5 in a row",1152.1970246342544,6446.150203248634,17816.168875233543,0.9169601127562648,16.3,0.9829436012369349,38.7811958049356,1007.2990655697832,1858.8268059628926,0.019548860222637562,2.8185575292620397,0.009492920452205508
medium,4.94,2.0,OR-Tools planner,992.9859232408281,3803.1431442546104,17639.06098110609,0.8398888847195943,8.7,0.9735336337256935,59.37262614497339,381.1904082861293,1868.867916071701,0.021396600650545775,1.4648592424658384,0.010208773533924803
medium,,2.0,PAIRED Grouped minus EDD (lateness s),,-24805.121635240317,,,,,,1493.6003324176959,,,,
medium,4.94,4.0,"First come, first served",2045.6271050311504,28312.798552698467,53925.54231214643,0.97795723056606,78.76666666666667,0.9994174033965204,32.27359203674342,1612.2583687947752,3138.5242138322187,0.005209005023615795,5.250338579420945,0.0011915438428422988
medium,4.94,4.0,Earliest due date first,2043.367922127731,27895.78495647177,53037.151282348255,0.9775616734993026,77.9,0.9993447366946528,28.284292007843664,1692.1922068128079,3037.0720617390707,0.006211911047624245,5.29834864693811,0.001340163935497972
medium,4.94,4.0,Grouped,974.2132946952762,3297.8675444720766,18728.908764637203,0.7067217023014085,8.6,0.9707612338355459,61.95605250934433,386.709425334316,2502.1212512889883,0.02683908926992032,1.799096695245618,0.010249378336644454
medium,4.94,4.0,"Grouped, max 5 in a row",1152.1970246342544,5527.424014038521,16771.502208566886,0.835503391291043,16.3,0.9829436012369349,38.7811958049356,986.2210721068815,1858.8268059628922,0.033106912002494514,2.8185575292620397,0.009492920452205508
medium,4.94,4.0,OR-Tools planner,991.0303676852726,3011.258371728258,16514.927647772758,0.6825135606630593,8.733333333333333,0.9734187712964175,59.737358933919744,359.36284262610735,1779.3606532247811,0.027961325953110818,1.4575654742462867,0.010168444667488919
medium,,4.0,PAIRED Grouped minus EDD (lateness s),,-24597.9174119997,,,,,,1504.8523143605885,,,,
medium,4.94,8.0,"First come, first served",2045.6271050311504,26297.739315115206,51836.20897881307,0.9516486497621127,78.76666666666667,0.9994174033965204,32.27359203674342,1605.6160626520614,3138.524213832218,0.011943125942760084,5.250338579420945,0.0011915438428422988
medium,4.94,8.0,Earliest due date first,2043.367922127731,25878.122355906075,50947.817949014905,0.9537206468871204,77.9,0.9993447366946528,28.284292007843664,1685.5402499868253,3037.0720617390707,0.012202781497048544,5.29834864693811,0.001340163935497972
medium,4.94,8.0,Grouped,974.2132946952762,2111.4218037126902,16639.575431303867,0.43773894989028445,8.6,0.9707612338355459,61.95605250934433,336.17405062813793,2502.1212512889892,0.03147796848174995,1.799096695245618,0.010249378336644454
medium,4.94,8.0,"Grouped, max 5 in a row",1152.1970246342544,3961.661802873684,14682.168875233543,0.657460837801659,16.3,0.9829436012369349,38.7811958049356,908.1776546820086,1858.8268059628922,0.056882671770530975,2.8185575292620397,0.009492920452205508
medium,4.94,8.0,OR-Tools planner,991.3580961627116,1856.0567758391005,14388.027647772753,0.42979549350179375,8.733333333333333,0.9735336337256935,59.96630803841681,297.1516744332,1740.731657937616,0.03404172476020432,1.4476356869513445,0.010208773533924803
medium,,8.0,PAIRED Grouped minus EDD (lateness s),,-23766.700552193386,,,,,,1532.496095342712,,,,
