mix,jobs_per_h,strategy,product,jobs_per_run,worst_job_lateness_s,worst_job_lateness_s_ci95,avg_lateness_s,avg_lateness_s_ci95
balanced,4.94,"First come, first served",A,59.833333333333336,53366.802202766616,3109.0600864920766,28613.38977825123,1854.0884227052925
balanced,4.94,"First come, first served",B,60.46666666666667,53265.962090513705,3234.9091186774754,28427.202478343894,1616.3984901667582
balanced,4.94,"First come, first served",C,58.53333333333333,52822.527689096765,3062.4999854583994,27905.609740809734,1788.3682416334623
balanced,4.94,Earliest due date first,A,59.833333333333336,51992.84994282758,3092.15731436039,27772.15169572343,1917.116326869133
balanced,4.94,Earliest due date first,B,60.46666666666667,52170.76626790695,3042.9869081458864,27800.477908904195,1717.7499020574007
balanced,4.94,Earliest due date first,C,58.53333333333333,52762.45488527442,3058.0540605987503,28155.682319958032,1785.1596340561127
balanced,4.94,Grouped,A,59.833333333333336,18213.194611341274,2624.107844451261,4418.714924978504,618.9284882371128
balanced,4.94,Grouped,B,60.46666666666667,17446.39822545229,2402.663114256162,4154.13871803573,540.5889041370732
balanced,4.94,Grouped,C,58.53333333333333,5030.992232669906,498.9067882889827,1339.7659819605074,160.16304584722957
balanced,4.94,"Grouped, max 5 in a row",A,59.833333333333336,15753.405750454245,1915.794773780725,5536.679026649867,981.7872792169437
balanced,4.94,"Grouped, max 5 in a row",B,60.46666666666667,15713.98085445271,2004.2642200748105,5502.0241175544625,989.5288670705628
balanced,4.94,"Grouped, max 5 in a row",C,58.53333333333333,13929.524440449426,1932.823879881028,5494.296938635892,1116.2812907552468
balanced,4.94,OR-Tools planner,A,59.833333333333336,14335.965624144595,1990.1064409622397,3029.3161427646023,437.0732504706223
balanced,4.94,OR-Tools planner,B,60.46666666666667,16113.062858154175,1662.9045186834176,3933.890083251528,484.0435742938955
balanced,4.94,OR-Tools planner,C,58.53333333333333,8092.994464323377,1279.7462291257941,2081.296757263977,379.8078027095889
A-heavy,7.25,"First come, first served",A,153.8,59956.3122773137,3375.3340211893114,31355.428964899784,1904.2637889317498
A-heavy,7.25,"First come, first served",B,52.13333333333333,59047.87174990984,3336.275041160514,31581.09837387712,2085.139717926049
A-heavy,7.25,"First come, first served",C,51.733333333333334,58772.57484373809,3391.904250132477,31553.65117647259,2048.3610346089195
A-heavy,7.25,Earliest due date first,A,153.8,58085.17714349197,3619.421922823099,30195.817195991563,2016.3291062578498
A-heavy,7.25,Earliest due date first,B,52.13333333333333,57189.041786158,3654.95676004448,30391.56227828075,2148.5012522537695
A-heavy,7.25,Earliest due date first,C,51.733333333333334,58107.62216315842,3649.113837135858,31495.42996342237,2150.5671581645297
A-heavy,7.25,Grouped,A,153.8,17636.783132874465,2478.9631334008504,4050.131116882355,558.9621867990315
A-heavy,7.25,Grouped,B,52.13333333333333,16963.757291539896,2492.039857297087,4604.086515105588,623.7635612438398
A-heavy,7.25,Grouped,C,51.733333333333334,6118.158467443703,609.7470727285385,2099.796709892538,256.2392981493659
A-heavy,7.25,"Grouped, max 5 in a row",A,153.8,30954.754007621388,4429.344619691688,14290.322311057436,2538.11611244855
A-heavy,7.25,"Grouped, max 5 in a row",B,52.13333333333333,15119.170785795188,1891.361517472955,5479.445853364435,850.6077891156579
A-heavy,7.25,"Grouped, max 5 in a row",C,51.733333333333334,14433.553705493936,2241.4048401309537,5839.443893097896,1167.9258596407894
A-heavy,7.25,OR-Tools planner,A,153.8,11707.389803386777,1039.1848951935497,2318.6843242316586,250.93338002566276
A-heavy,7.25,OR-Tools planner,B,52.13333333333333,13066.17783938226,1036.9894406003168,3389.4133778368164,356.87291408177725
A-heavy,7.25,OR-Tools planner,C,51.733333333333334,16262.044700023862,4490.607718361534,5767.715357909879,1948.0934056988451
