level,jobs_per_h,strategy,lam,changeover_s_per_h,avg_tardiness_s,max_tardiness_s,pct_late,unfinished_jobs,utilization,changeover_s_per_h_ci95,avg_tardiness_s_ci95,max_tardiness_s_ci95,pct_late_ci95,unfinished_jobs_ci95,utilization_ci95
light,3.58,fcfs,,2020.1214573819013,14982.196501477043,28794.88038930481,0.9623310059784519,29.0,0.9903693708433638,46.039840798060375,1978.4673470007995,3407.0801422699906,0.01245274396849719,3.737922193738199,0.00807224794112283
light,3.58,edd,,2015.333598179845,14308.915551070642,28373.300450884977,0.9597654341670375,28.066666666666666,0.9920034781395581,39.198817475142015,2031.4262901980235,3512.318272680413,0.012831711270732248,3.9358291143012596,0.006839721270608263
light,3.58,grouped,,1303.6587581868293,1292.278262504726,9659.242825309559,0.5253195657835386,3.1666666666666665,0.881800420476886,53.35307457192105,131.01206669427054,916.7520175294537,0.028989003082922824,1.1010988041510639,0.016296004918499998
light,3.58,opt,0.0,1558.7414147997815,1975.9012338354814,12741.632604169516,0.5973051369761807,3.9,0.9452453004747403,41.40244747753341,440.9341908221004,1998.166300082063,0.025888821027268732,0.9525074961814987,0.01570476521050273
light,3.58,opt,0.3,1531.5113641578641,1863.0793851312105,12607.150321212455,0.5856412201593463,3.7,0.9388498467760944,46.00305901212717,387.87430936110826,1688.9047705512567,0.026088399155614155,1.0103165081442624,0.016502773374118897
light,3.58,opt,1.0,1448.7346050964995,1562.1837453159646,10403.06495009122,0.5451764657099617,3.3333333333333335,0.9159045571757924,43.281214701755054,371.5533623971579,1766.886020924289,0.030924398121105333,0.9164050384145763,0.017842107932899975
light,3.58,opt,3.0,1351.49827582476,1373.516508391322,10105.882612838037,0.517731556432577,2.8666666666666667,0.8937791537782316,50.77128904183743,224.8657689377282,1401.4718973234067,0.03052047682451011,0.8645718592323844,0.01948414075934022
light,3.58,opt,10.0,1310.2560678638074,1220.8199885569397,9608.13126529742,0.4996091481754415,3.066666666666667,0.8836890893863951,51.080912940976866,128.1702112625938,985.5410258848956,0.027908923024971135,1.0558485101684223,0.017973112307952333
light,3.58,opt,30.0,1302.2802260158387,1236.6322956453594,9986.289010540257,0.4963792894456802,3.033333333333333,0.8814698336460263,51.54030231218452,137.21434195155277,1112.75926145638,0.02746275599096892,1.0583500752812482,0.01709062741838228
light,3.58,opt,100.0,1302.2802260158387,1236.6322956453594,9986.289010540257,0.4963792894456802,3.033333333333333,0.8814698336460263,51.54030231218452,137.21434195155277,1112.75926145638,0.02746275599096892,1.0583500752812482,0.01709062741838228
light,3.58,opt,300.0,1302.2802260158387,1236.6322956453594,9986.289010540257,0.4963792894456802,3.033333333333333,0.8814698336460263,51.54030231218452,137.21434195155277,1112.75926145638,0.02746275599096892,1.0583500752812482,0.01709062741838228
medium,4.94,fcfs,,2045.6271050311504,28312.798552698467,53925.54231214643,0.97795723056606,78.76666666666667,0.9994174033965204,32.27359203674342,1612.2583687947752,3138.5242138322187,0.005209005023615795,5.250338579420945,0.0011915438428422988
medium,4.94,edd,,2043.367922127731,27895.78495647177,53037.151282348255,0.9775616734993026,77.9,0.9993447366946528,28.284292007843664,1692.1922068128079,3037.0720617390707,0.006211911047624245,5.29834864693811,0.001340163935497972
medium,4.94,grouped,,974.2132946952762,3297.8675444720766,18728.908764637203,0.7067217023014085,8.6,0.9707612338355459,61.95605250934433,386.709425334316,2502.1212512889883,0.02683908926992032,1.799096695245618,0.010249378336644454
medium,4.94,opt,0.0,1623.2680385942965,7497.224188412258,42238.35215430575,0.6477495675359832,22.833333333333332,0.9967523538029027,30.25696661630004,897.6590268060623,4186.940624401272,0.014641108890031632,2.8064770459450425,0.00352540387149933
medium,4.94,opt,0.3,1623.8485350652304,7376.181709368928,41667.57606349535,0.6474315808709324,22.5,0.996919823283469,25.822994918923566,938.1004558773416,4498.855962986066,0.015393114365513225,2.701138182544944,0.003358722556901308
medium,4.94,opt,1.0,1606.686543076094,7059.0017065445245,40038.615797968654,0.6510803284863306,21.866666666666667,0.9943680679600425,34.52956824189547,978.388664087786,4805.022278439107,0.013761219501747945,2.8886211743841983,0.004962010859336704
medium,4.94,opt,3.0,1483.5057414835433,5702.498641716694,33156.44844444621,0.6471611844098615,19.1,0.9876052350009251,39.79285407632045,1043.531456831138,5061.672147406437,0.017902694078713,2.718172396272407,0.009019799401291866
medium,4.94,opt,10.0,1194.5558434543702,3585.2061638420514,20309.926378081018,0.6703329006063713,12.7,0.9770006456770998,58.078733331460086,678.2536434437357,4085.454017014391,0.02666980820294398,2.245046005779995,0.010168806764578013
medium,4.94,opt,30.0,991.0303676852726,3011.258371728258,16514.927647772758,0.6825135606630593,8.733333333333333,0.9734187712964175,59.737358933919744,359.36284262610735,1779.3606532247811,0.027961325953110818,1.4575654742462867,0.010168444667488919
medium,4.94,opt,100.0,981.4805346764991,3118.1405866162213,18900.08139470465,0.6852297685298179,8.8,0.9718513234507731,62.17984943208389,386.1385008477497,2623.8477738430156,0.02791178221328077,1.793207655892623,0.010312842741040346
medium,4.94,opt,300.0,981.4805346764991,3118.1405866162213,18900.08139470465,0.6852297685298179,8.8,0.9718513234507731,62.17984943208389,386.1385008477497,2623.8477738430156,0.02791178221328077,1.793207655892623,0.010312842741040346
heavy,6.31,fcfs,,2059.7426534128826,38246.58863748728,71441.568756682,0.9814723673874457,129.5,1.0,26.798454099822223,1341.6307829783493,2169.3748988770094,0.00351690191438462,5.907122461835953,0.0
heavy,6.31,edd,,2058.545495965804,38115.58703812506,71411.09841664453,0.9814723673874457,129.56666666666666,1.0,28.15314098008927,1245.8735846509796,2068.216724645804,0.00351690191438462,5.629504723193222,0.0
heavy,6.31,grouped,,469.4121230225426,9117.43250433269,40353.541426787866,0.8556223220498453,26.366666666666667,0.9972503147039417,63.97164997422508,1369.950242655554,5336.662411868584,0.02169905478536789,6.4358994868398725,0.0027716580037978117
heavy,6.31,opt,0.0,1569.9754766562571,14932.756615304947,63481.84096316655,0.7418600332790892,59.0,1.0,37.2715773440322,1153.7256426724305,2373.1030551627664,0.02326187286193744,5.870585945022535,0.0
heavy,6.31,opt,0.3,1572.1450869135326,14915.287662747123,63474.62918969965,0.7437827803546614,59.0,1.0,39.052711226536196,1145.142891921479,2402.119743398253,0.02371191134150217,5.872223714881438,0.0
heavy,6.31,opt,1.0,1558.8000542972761,14531.625729482208,62534.28167477487,0.7388444022708819,58.1,1.0,37.00016619718035,1235.9629479059317,2637.6934777400807,0.023445012567780272,6.014081699357776,0.0
heavy,6.31,opt,3.0,1535.6182116009597,13792.621738036549,60849.87987165041,0.7229506169019121,54.5,0.9995201905513521,34.891408424900376,1312.026358369757,2909.2103790527085,0.02756712578881517,6.248087389653373,0.0006843145263809731
heavy,6.31,opt,10.0,1429.7997624862805,11338.676633290439,55082.487641558764,0.704618385173796,46.8,0.9992652772266204,38.616182182150055,1333.9342998295508,3281.228066557514,0.02605078086587936,6.029292137090496,0.0008691018941620586
heavy,6.31,opt,30.0,1033.9749056638645,7519.7602779050685,38052.79303880798,0.7588553472776514,29.866666666666667,0.9984075230786633,76.46847988121833,1053.7972776598494,5072.620513759359,0.019225976841092375,5.385101806667601,0.001883305999959064
heavy,6.31,opt,100.0,559.1480542382129,7241.897826083909,29763.58078755664,0.8386213595277758,23.3,0.9978742460747319,50.50315290825568,661.4171857983041,2222.898402466154,0.01703762748474691,4.38559712254638,0.0021253347193705163
heavy,6.31,opt,300.0,523.4514570831452,7593.069204371607,29904.279136168796,0.8485303756740739,24.933333333333334,0.9978742460747319,52.887443253234075,819.8412393778617,2111.5370776918385,0.0184777036681308,4.794917987589215,0.0021253347193705163
