transition,variant,n,mean,median,sd,min,max,boot95_mean_lo,boot95_mean_hi
A->B,m3-5 (primary),3,727.3,755.0,48.8,671.0,756.0,671.0,756.0
A->C,m3-5 (primary),3,1577.7,1573.0,47.2,1533.0,1627.0,1533.0,1627.0
B->A,m3-5 (primary),3,604.7,611.0,69.7,532.0,671.0,532.0,671.0
B->C,m3-5 (primary),3,1668.0,1669.0,45.5,1622.0,1713.0,1622.0,1713.0
C->A,m3-5 (primary),3,639.7,646.0,54.8,582.0,691.0,582.0,691.0
C->B,m3-5 (primary),3,917.3,918.0,91.0,826.0,1008.0,826.0,1008.0
A->B,"m3-5, irregular seconds removed",3,660.0,647.0,34.4,634.0,699.0,634.0,699.0
A->C,"m3-5, irregular seconds removed",3,1541.7,1532.0,45.3,1502.0,1591.0,1502.0,1591.0
B->A,"m3-5, irregular seconds removed",3,569.3,573.0,64.6,503.0,632.0,503.0,632.0
B->C,"m3-5, irregular seconds removed",3,1617.0,1615.0,44.0,1574.0,1662.0,1574.0,1662.0
C->A,"m3-5, irregular seconds removed",3,618.0,626.0,52.5,562.0,666.0,562.0,666.0
C->B,"m3-5, irregular seconds removed",3,870.7,865.0,85.6,788.0,959.0,788.0,959.0
A->B,m2-5,4,810.5,755.5,171.0,671.0,1060.0,692.2,983.8
A->C,m2-5,4,1594.0,1600.0,50.5,1533.0,1643.0,1553.0,1635.0
B->A,m2-5,4,655.0,641.0,115.6,532.0,806.0,566.8,757.2
B->C,m2-5,4,1713.5,1691.0,98.3,1622.0,1850.0,1644.8,1804.8
C->A,m2-5,4,656.8,668.5,56.3,582.0,708.0,609.2,699.5
C->B,m2-5,4,923.0,929.0,75.2,826.0,1008.0,854.5,985.5
A->B,m1-5 (all),5,847.2,756.0,169.3,671.0,1060.0,721.6,972.8
A->C,m1-5 (all),5,1737.8,1627.0,324.5,1533.0,2313.0,1567.8,2031.0
B->A,m1-5 (all),5,816.4,671.0,374.5,532.0,1462.0,591.4,1145.6
B->C,m1-5 (all),5,2173.0,1713.0,1031.0,1622.0,4011.0,1659.0,3101.0
C->A,m1-5 (all),5,681.2,691.0,73.2,582.0,779.0,621.4,738.2
C->B,m1-5 (all),5,1015.6,940.0,217.1,826.0,1386.0,881.2,1207.6
