event_id,label_08,event,start_row,end_row,start_time,end_time,duration_s,irregular_s,gap_before_s,matrix,order_in_matrix,prev_product,new_product,transition,regular_s
1,5,changeover,0,993,2024-03-12 08:16:30,2024-03-12 08:33:03,994,18,0.0,1,1,A,B,A->B,976
2,6,production,994,1238,2024-03-12 08:33:04,2024-03-12 08:37:08,245,0,0.0,1,1,B,B,,245
3,11,changeover,1239,5249,2024-03-12 08:37:09,2024-03-12 09:43:59,4011,1618,0.0,1,2,B,C,B->C,2393
4,12,production,5250,6850,2024-03-12 09:44:00,2024-03-12 10:10:40,1601,122,0.0,1,2,C,C,,1479
5,7,changeover,6851,8236,2024-03-12 10:10:41,2024-03-12 10:33:46,1386,49,0.0,1,3,C,B,C->B,1337
6,8,production,8237,8472,2024-03-12 10:33:47,2024-03-12 10:37:42,236,0,0.0,1,3,B,B,,236
7,1,changeover,8473,9934,2024-03-12 10:37:43,2024-03-12 11:02:04,1462,11,0.0,1,4,B,A,B->A,1451
8,2,production,9935,10020,2024-03-12 11:02:05,2024-03-12 11:03:30,86,0,0.0,1,4,A,A,,86
9,9,changeover,10021,12333,2024-03-12 12:39:20,2024-03-12 13:17:52,2313,258,5750.0,1,5,A,C,A->C,2055
10,10,production,12334,13473,2024-03-12 13:17:53,2024-03-12 13:36:52,1140,8,0.0,1,5,C,C,,1132
11,3,changeover,13474,14252,2024-03-12 13:36:53,2024-03-12 13:49:51,779,16,0.0,1,6,C,A,C->A,763
12,4,production,14253,14331,2024-03-12 13:49:52,2024-03-12 13:51:10,79,0,0.0,1,6,A,A,,79
13,5,changeover,14332,15391,2024-03-20 06:43:14,2024-03-20 07:00:53,1060,185,665524.0,2,1,A,B,A->B,875
14,6,production,15392,15622,2024-03-20 07:00:54,2024-03-20 07:04:44,231,0,0.0,2,1,B,B,,231
15,11,changeover,15623,17472,2024-03-20 07:04:45,2024-03-20 07:35:34,1850,69,0.0,2,2,B,C,B->C,1781
16,12,production,17473,18603,2024-03-20 07:35:35,2024-03-20 07:54:25,1131,0,0.0,2,2,C,C,,1131
17,7,changeover,18604,19543,2024-03-20 07:54:26,2024-03-20 08:10:05,940,49,0.0,2,3,C,B,C->B,891
18,8,production,19544,19787,2024-03-20 08:10:06,2024-03-20 08:14:09,244,0,0.0,2,3,B,B,,244
19,1,changeover,19788,20593,2024-03-20 08:14:10,2024-03-20 08:27:35,806,39,0.0,2,4,B,A,B->A,767
20,2,production,20594,20668,2024-03-20 08:27:36,2024-03-20 08:28:50,75,0,0.0,2,4,A,A,,75
21,9,changeover,20669,22311,2024-03-20 08:28:51,2024-03-20 08:56:13,1643,68,0.0,2,5,A,C,A->C,1575
22,10,production,22312,23436,2024-03-20 08:56:14,2024-03-20 09:14:58,1125,0,0.0,2,5,C,C,,1125
23,3,changeover,23437,24144,2024-03-20 09:14:59,2024-03-20 09:26:46,708,29,0.0,2,6,C,A,C->A,679
24,4,production,24145,24218,2024-03-20 09:26:47,2024-03-20 09:28:00,74,0,0.0,2,6,A,A,,74
25,5,changeover,24219,24974,2024-03-20 09:28:56,2024-03-20 09:41:31,756,57,0.0,3,1,A,B,A->B,699
26,6,production,24975,25212,2024-03-20 09:41:32,2024-03-20 09:45:29,238,0,0.0,3,1,B,B,,238
27,11,changeover,25213,26925,2024-03-20 09:45:30,2024-03-20 10:14:02,1713,51,0.0,3,2,B,C,B->C,1662
28,12,production,26926,28049,2024-03-20 10:14:03,2024-03-20 10:32:46,1124,0,0.0,3,2,C,C,,1124
29,7,changeover,28050,29057,2024-03-20 10:32:47,2024-03-20 10:49:34,1008,49,0.0,3,3,C,B,C->B,959
30,8,production,29058,29291,2024-03-20 10:49:35,2024-03-20 10:53:28,234,0,0.0,3,3,B,B,,234
31,1,changeover,29292,29962,2024-03-20 10:53:29,2024-03-20 11:04:39,671,39,0.0,3,4,B,A,B->A,632
32,2,production,29963,30033,2024-03-20 11:04:40,2024-03-20 11:05:50,71,0,0.0,3,4,A,A,,71
33,9,changeover,30034,31660,2024-03-20 11:05:51,2024-03-20 11:32:57,1627,36,0.0,3,5,A,C,A->C,1591
34,10,production,31661,32784,2024-03-20 11:32:58,2024-03-20 11:51:41,1124,0,0.0,3,5,C,C,,1124
35,3,changeover,32785,33366,2024-03-20 11:51:42,2024-03-20 12:01:23,582,20,0.0,3,6,C,A,C->A,562
36,4,production,33367,33440,2024-03-20 12:01:24,2024-03-20 12:02:37,74,0,0.0,3,6,A,A,,74
37,5,changeover,33441,34111,2024-03-20 12:02:56,2024-03-20 12:14:06,671,37,0.0,4,1,A,B,A->B,634
38,6,production,34112,34350,2024-03-20 12:14:07,2024-03-20 12:18:05,239,0,0.0,4,1,B,B,,239
39,11,changeover,34351,35972,2024-03-20 12:18:06,2024-03-20 12:45:07,1622,48,0.0,4,2,B,C,B->C,1574
40,12,production,35973,37099,2024-03-20 12:45:08,2024-03-20 13:03:54,1127,0,0.0,4,2,C,C,,1127
41,7,changeover,37100,37925,2024-03-20 14:04:02,2024-03-20 14:17:47,826,38,3608.0,4,3,C,B,C->B,788
42,8,production,37926,38163,2024-03-20 14:17:48,2024-03-20 14:21:45,238,0,0.0,4,3,B,B,,238
43,1,changeover,38164,38695,2024-03-22 07:32:42,2024-03-22 07:41:33,532,29,148257.0,4,4,B,A,B->A,503
44,2,production,38696,38771,2024-03-22 07:41:34,2024-03-22 07:42:49,76,0,0.0,4,4,A,A,,76
45,9,changeover,38772,40344,2024-03-22 07:42:50,2024-03-22 08:09:02,1573,41,0.0,4,5,A,C,A->C,1532
46,10,production,40345,41789,2024-03-22 08:09:03,2024-03-22 08:33:07,1445,321,0.0,4,5,C,C,,1124
47,3,changeover,41790,42480,2024-03-22 08:33:08,2024-03-22 08:44:38,691,25,0.0,4,6,C,A,C->A,666
48,4,production,42481,42558,2024-03-22 08:44:39,2024-03-22 08:45:56,78,0,0.0,4,6,A,A,,78
49,5,changeover,42559,43313,2024-03-22 08:45:57,2024-03-22 08:58:31,755,108,0.0,5,1,A,B,A->B,647
50,6,production,43314,43551,2024-03-22 08:58:32,2024-03-22 09:02:29,238,0,0.0,5,1,B,B,,238
51,11,changeover,43552,45220,2024-03-22 09:02:30,2024-03-22 09:30:18,1669,54,0.0,5,2,B,C,B->C,1615
52,12,production,45221,46601,2024-03-22 09:30:19,2024-03-22 09:53:19,1381,255,0.0,5,2,C,C,,1126
53,7,changeover,46602,47519,2024-03-22 09:53:20,2024-03-22 10:08:37,918,53,0.0,5,3,C,B,C->B,865
54,8,production,47520,47758,2024-03-22 10:08:38,2024-03-22 10:12:36,239,0,0.0,5,3,B,B,,239
55,1,changeover,47759,48369,2024-03-22 10:12:37,2024-03-22 10:22:47,611,38,0.0,5,4,B,A,B->A,573
56,2,production,48370,48447,2024-03-22 10:22:48,2024-03-22 10:24:05,78,0,0.0,5,4,A,A,,78
57,9,changeover,48448,49980,2024-03-22 10:24:06,2024-03-22 10:49:38,1533,31,0.0,5,5,A,C,A->C,1502
58,10,production,49981,51239,2024-03-22 10:49:39,2024-03-22 11:10:37,1259,0,0.0,5,5,C,C,,1259
59,3,changeover,51240,51885,2024-03-22 11:10:38,2024-03-22 11:21:23,646,20,0.0,5,6,C,A,C->A,626
60,4,production,51886,52025,2024-03-22 11:21:24,2024-03-22 11:23:43,140,0,0.0,5,6,A,A,,140
