job_id,arrival_s,product,proc_s,due_s
1,781.8,A,74.0,5671.6
2,1006.5,C,1124.0,6946.4
3,4922.9,B,231.0,9969.8
4,5189.9,A,75.0,10080.8
5,5274.0,B,239.0,10328.8
6,6585.2,A,74.0,11475.1
7,6948.5,C,1140.0,12904.4
8,7350.3,A,140.0,12306.1
9,7371.9,C,1381.0,13568.8
10,7928.6,B,239.0,12983.5
11,8687.4,C,1124.0,14627.3
12,8855.4,C,1601.0,15272.3
13,10077.4,B,239.0,15132.3
14,10229.4,B,244.0,15289.2
15,10802.2,B,238.0,15856.1
16,10896.1,C,1445.0,17156.9
17,11568.5,A,140.0,16524.3
18,11905.3,B,245.0,16966.2
19,12407.1,B,239.0,17462.0
20,14337.1,B,245.0,19398.0
21,15149.2,B,236.0,20201.0
22,15804.0,B,245.0,20864.8
23,17873.1,B,231.0,22920.0
24,19352.8,C,1381.0,25549.6
25,20202.2,A,140.0,25158.0
26,20441.6,B,244.0,25501.4
27,21486.9,C,1127.0,27429.7
28,21601.8,A,74.0,26491.7
29,27738.6,A,78.0,32632.4
30,27910.5,C,1445.0,34171.3
31,29716.0,C,1124.0,35655.8
32,31101.9,C,1125.0,37042.8
33,31335.0,A,79.0,36229.8
34,32647.3,C,1445.0,38908.2
35,32682.2,C,1124.0,38622.0
36,33669.9,C,1125.0,39610.7
37,34541.7,C,1381.0,40738.6
38,34584.9,C,1131.0,40531.7
39,35389.0,C,1601.0,41805.8
40,38125.6,B,244.0,43185.4
41,38709.4,C,1124.0,44649.2
42,39121.4,B,236.0,44173.3
43,39563.1,A,75.0,44454.0
44,40413.0,A,86.0,45314.8
45,40798.4,C,1259.0,46873.2
46,40993.9,C,1381.0,47190.8
47,41742.0,A,71.0,46628.8
48,42792.7,C,1381.0,48989.6
49,43383.1,A,78.0,48277.0
50,45016.0,B,238.0,50069.8
51,45124.5,B,238.0,50178.3
52,45375.6,A,76.0,50267.4
53,45466.7,A,78.0,50360.6
54,45486.0,A,78.0,50379.8
55,45935.8,A,75.0,50826.6
56,46572.1,A,74.0,51461.9
57,48101.1,A,74.0,52991.0
58,48613.0,C,1445.0,54873.9
59,48770.4,B,239.0,53825.3
60,48775.6,A,78.0,53669.4
61,48971.1,B,238.0,54024.9
62,49349.7,B,245.0,54410.5
63,50256.1,B,244.0,55316.0
64,50457.8,A,79.0,55352.6
65,51036.6,B,239.0,56091.4
66,51267.8,C,1445.0,57528.6
67,53123.6,B,234.0,58173.5
68,57253.5,B,238.0,62307.4
69,57378.8,C,1140.0,63334.6
70,57928.0,A,79.0,62822.8
71,58711.7,C,1127.0,64654.6
72,58812.2,B,238.0,63866.0
73,58864.7,C,1127.0,64807.6
74,59863.9,B,238.0,64917.7
75,61341.5,B,238.0,66395.3
76,61887.9,B,244.0,66947.8
77,62353.6,C,1124.0,68293.4
78,62727.5,C,1125.0,68668.4
79,63220.4,B,231.0,68267.2
80,64869.7,C,1140.0,70825.6
81,65268.4,C,1381.0,71465.2
82,66198.7,C,1124.0,72138.6
83,66251.9,C,1124.0,72191.8
84,67978.9,A,79.0,72873.7
85,68167.3,C,1259.0,74242.2
86,69200.3,B,234.0,74250.1
87,69429.3,B,234.0,74479.2
88,69512.5,A,76.0,74404.4
89,69944.3,C,1140.0,75900.2
90,70483.1,B,234.0,75532.9
91,70505.6,C,1127.0,76448.5
92,70681.2,A,86.0,75583.0
93,70856.5,B,238.0,75910.3
94,71356.4,B,239.0,76411.3
95,72530.4,A,78.0,77424.3
96,72802.6,A,78.0,77696.4
97,73608.1,C,1125.0,79548.9
98,75048.6,C,1140.0,81004.5
99,75505.4,A,78.0,80399.3
100,75625.5,A,74.0,80515.3
101,78235.2,B,238.0,83289.1
102,80004.7,A,78.0,84898.6
103,80479.7,B,234.0,85529.5
104,81181.8,B,236.0,86233.7
105,81293.0,B,238.0,86346.8
106,82365.1,C,1259.0,88440.0
107,82526.8,C,1140.0,88482.7
108,82741.6,C,1259.0,88816.5
109,83384.1,C,1140.0,89340.0
110,86130.1,B,238.0,91183.9
111,86311.3,B,239.0,91366.2
112,86582.8,A,78.0,91476.6
113,86676.2,A,75.0,91567.0
114,86934.6,B,231.0,91981.4
115,87107.2,C,1140.0,93063.1
116,87369.0,B,239.0,92423.9
117,88109.9,A,75.0,93000.8
118,90160.7,A,140.0,95116.5
119,90600.9,C,1131.0,96547.7
120,92323.7,A,86.0,97225.6
121,92898.5,A,75.0,97789.4
122,93239.7,A,78.0,98133.5
123,93294.7,B,236.0,98346.6
124,93525.7,C,1131.0,99472.6
125,93940.7,A,79.0,98835.6
126,94488.7,B,238.0,99542.5
127,95372.1,B,239.0,100427.0
128,95921.2,B,239.0,100976.0
129,97855.7,B,244.0,102915.6
130,99281.0,C,1381.0,105477.8
131,100273.0,A,79.0,105167.8
132,103526.9,B,238.0,108580.7
133,104493.7,A,75.0,109384.6
134,105397.2,B,238.0,110451.1
135,105815.1,C,1125.0,111756.0
136,106557.5,C,1259.0,112632.3
137,106643.7,B,234.0,111693.6
138,108077.3,A,86.0,112979.1
139,108154.2,B,231.0,113201.1
140,108216.3,B,236.0,113268.2
141,109042.0,A,76.0,113933.8
142,109714.1,B,239.0,114769.0
143,110014.3,C,1131.0,115961.1
144,110835.2,C,1259.0,116910.1
145,112106.3,C,1259.0,118181.1
146,112225.7,B,236.0,117277.5
147,113909.0,A,86.0,118810.8
148,114695.8,A,140.0,119651.7
149,115210.9,B,239.0,120265.7
150,116093.9,C,1131.0,122040.7
151,116882.5,A,79.0,121777.4
152,118729.9,C,1381.0,124926.7
153,119391.2,C,1127.0,125334.1
154,119656.8,A,140.0,124612.6
155,119736.2,B,236.0,124788.1
156,121203.7,C,1601.0,127620.5
157,121510.1,C,1124.0,127449.9
158,122669.8,A,86.0,127571.6
159,124371.1,C,1131.0,130317.9
160,124573.8,C,1125.0,130514.7
161,125456.8,A,140.0,130412.6
162,125778.9,A,140.0,130734.7
163,126308.8,C,1125.0,132249.7
164,127560.3,B,238.0,132614.2
165,127710.5,A,140.0,132666.4
166,129155.5,C,1125.0,135096.4
167,129477.8,A,140.0,134433.6
168,130039.5,B,238.0,135093.4
169,130345.1,B,239.0,135399.9
170,130999.8,B,244.0,136059.6
171,131335.4,B,231.0,136382.3
172,132757.2,B,244.0,137817.1
173,132779.3,B,238.0,137833.2
174,133074.5,C,1140.0,139030.3
175,133799.8,C,1125.0,139740.7
176,134325.1,C,1259.0,140399.9
177,135554.8,B,239.0,140609.6
178,135892.3,C,1381.0,142089.1
179,136193.9,B,245.0,141254.7
180,137507.6,A,71.0,142394.4
181,137520.4,B,238.0,142574.2
182,137870.7,C,1131.0,143817.6
183,138511.2,C,1381.0,144708.0
184,139142.6,A,140.0,144098.5
185,139618.3,A,71.0,144505.1
186,141142.5,C,1125.0,147083.4
187,141784.8,C,1124.0,147724.7
188,143606.6,C,1131.0,149553.5
189,143637.2,A,86.0,148539.1
190,143803.0,C,1124.0,149742.8
