factor,setting,lambda_per_h,d_tardiness_s,d_tardiness_ci95,d_changeover_s_per_h,d_changeover_ci95
Baseline,baseline,4.94,-23841.4,1466.45,-1071.41,54.7
Load,below window (0.7x),2.09,-246.04,115.8,-265.32,53.77
Load,light,3.58,-12025.0,1911.92,-716.46,43.37
Load,heavy,5.92,-28347.11,1413.85,-1432.34,67.86
Due-date slack k,k = 1,4.94,-25200.39,1433.58,-1071.41,54.7
Due-date slack k,k = 8,4.94,-20543.45,1490.85,-1071.41,54.7
Product mix,A-heavy,7.25,-26996.05,1751.24,-1148.11,70.58
Product mix,B-heavy,6.26,-25684.9,1745.7,-1029.98,60.38
Product mix,C-heavy,3.47,-15621.19,1662.75,-905.84,54.87
Changeover variability,0%,4.94,-23863.3,1481.61,-1072.04,54.29
Changeover variability,200%,4.94,-23843.05,1470.05,-1064.59,54.65
Batch cap (grouped only),cap 2,4.94,-7505.21,791.7,-250.85,25.01
Batch cap (grouped only),cap 5,4.94,-22134.59,1244.09,-893.43,38.3
Batch cap (grouped only),cap 10,4.94,-23962.93,1435.31,-1049.67,52.65
