level,jobs_per_h,chg_pct_of_real,strategy,changeover_s_per_h,avg_tardiness_s,max_tardiness_s,pct_late,unfinished_jobs,utilization,changeover_s_per_h_ci95,avg_tardiness_s_ci95,max_tardiness_s_ci95,pct_late_ci95,unfinished_jobs_ci95,utilization_ci95
medium,4.94,0,"First come, first served",0.0,20.6832071814471,777.957576402187,0.023289599021849905,2.566666666666667,0.7053030858113015,0.0,17.130332402046896,352.51648049922653,0.014290706661697522,0.9790586888442572,0.026821721415032352
medium,4.94,0,Earliest due date first,0.0,10.998151819813364,419.37476303280226,0.014199530938023536,2.2666666666666666,0.7053030858113015,0.0,10.809967707023045,258.926221236618,0.01016029114937708,0.9195476063519298,0.026821721415032352
medium,4.94,0,Grouped,0.0,284.0312685229708,6518.211250462524,0.08690241129194286,3.6,0.7053030858113015,0.0,93.73244669696074,1396.6001875160061,0.017763699022041807,1.5051684035327728,0.026821721415032352
medium,4.94,0,"Grouped, max 5 in a row",0.0,67.95156592639417,2201.3489905091983,0.05975737898348817,2.7666666666666666,0.7053030858113015,0.0,22.619804755077656,443.35963311280074,0.013448387818986891,0.9691872349972568,0.026821721415032352
medium,4.94,0,OR-Tools planner,0.0,7.109265664608517,491.4784718804915,0.009299842905161509,2.2333333333333334,0.7053030858113015,0.0,6.475802119032865,313.029122809568,0.006743787673306808,0.9234607775874897,0.026821721415032352
medium,4.94,0,PAIRED Grouped minus EDD (lateness s),,273.03311670315736,,,,,,85.46081916701203,,,,
medium,4.94,5,"First come, first served",165.19580183944237,43.75108950250871,1197.3777207138198,0.04030254292472737,3.2333333333333334,0.7505195144745945,5.303332354374517,29.84288837117255,445.52806338794466,0.020949426659763775,1.1916897203034147,0.02777586782940828
medium,4.94,5,Earliest due date first,173.45200554314567,29.032603109003173,806.9108129832258,0.028199083858602363,2.7666666666666666,0.7526301182725952,6.119079754841085,23.25644252761486,379.951140971845,0.017402498687533425,1.068297759774686,0.028006422570948025
medium,4.94,5,Grouped,101.09607961722008,336.15072101259545,7120.349084148429,0.09708510384846634,3.9,0.7334720346513001,4.47861459606796,105.51301228373686,1484.9386822345566,0.017857529311589015,1.5297241579473249,0.02674274540248022
medium,4.94,5,"Grouped, max 5 in a row",110.05449327420015,88.27666982440572,2469.8045931075326,0.07158418159649282,3.2666666666666666,0.7358060444271276,3.88109190029385,27.45629920994918,454.53173585253256,0.01534543630516598,1.1177836170133888,0.027064940246857263
medium,4.94,5,OR-Tools planner,110.78214443203548,36.814868120735085,1780.814681647657,0.03824130355279561,2.8666666666666667,0.7358677115845402,3.694774583640403,11.911137511164183,387.47490728946826,0.009148798978447966,0.9493896236714442,0.02711854069679773
medium,4.94,5,PAIRED Grouped minus EDD (lateness s),,307.11811790359235,,,,,,88.28741663841087,,,,
medium,4.94,10,"First come, first served",329.4080590636004,109.0888289682596,1926.8729664498023,0.08488645305787637,4.166666666666667,0.7946553030763575,10.157125205181352,60.32607122189145,580.8326312573898,0.03288350169070205,1.2522822929832365,0.028285295531800397
medium,4.94,10,Earliest due date first,344.5629572814166,82.86293721757615,1577.4972971491839,0.06362993936796368,3.5,0.7983668106782867,11.380187443626106,53.99750315998225,522.2310937536045,0.03111303639382743,1.1633801561748836,0.028551156056973784
medium,4.94,10,Grouped,194.7943402693244,365.5420180339332,7471.483591306719,0.10597984401947756,3.7666666666666666,0.7595165477568261,9.084334689436732,110.15224177828856,1522.0603421607786,0.018926400444986214,1.4958225922777995,0.026609353439415635
medium,4.94,10,"Grouped, max 5 in a row",213.79711479574019,110.40202692078606,2738.8020556568067,0.08330330518756383,3.433333333333333,0.7644371400608369,7.252718022492897,34.26372508536809,503.94216955173755,0.017905852146481237,1.2352734506722696,0.027236836685316856
medium,4.94,10,OR-Tools planner,209.56303059991208,66.3323961443197,2496.4457960076024,0.05980919405417416,3.066666666666667,0.7631695341034231,7.604633924886573,16.74923956891053,427.94877434335797,0.013664259639532161,1.0187678820740493,0.02712684105491146
medium,4.94,10,PAIRED Grouped minus EDD (lateness s),,282.6790808163571,,,,,,71.26242307734773,,,,
medium,4.94,25,"First come, first served",805.5531963105147,1348.8762425240925,6148.130954381801,0.3825701205411724,9.166666666666666,0.9104450267240274,20.64478851315393,518.2904348541911,1359.1193938947445,0.08492657314951539,2.123843204770539,0.02527736889486592
medium,4.94,25,Earliest due date first,827.44110652349,1277.4631546743183,6015.428467419013,0.3668083687344284,8.766666666666667,0.9146691367979485,18.131008266633167,523.9667186464679,1330.2371350939143,0.08360304373706415,2.2483274042097525,0.02463558561772024
medium,4.94,25,Grouped,432.0090533936136,491.8710315248241,8812.698245736095,0.13078624220234042,4.766666666666667,0.8248038039562536,20.161679151601714,123.86676068500718,1654.205974303167,0.021638282929172775,1.571072711304723,0.02447169601363879
medium,4.94,25,"Grouped, max 5 in a row",479.9816377747944,200.34513060353714,3685.6345394328446,0.12712966605838882,4.766666666666667,0.8362169747196224,13.121692803991486,57.34906795603035,660.4509360543448,0.0274742700583804,1.2584103293819546,0.02547585590750645
medium,4.94,25,OR-Tools planner,448.31831763689115,230.62430657909633,5395.625930929345,0.116763426325575,4.233333333333333,0.8285719310455836,17.251450909701774,45.20239767993929,799.2545349360504,0.02041838705855222,1.1957175248932062,0.024608533772163012
medium,4.94,25,PAIRED Grouped minus EDD (lateness s),,-785.5921231494941,,,,,,453.2696202560848,,,,
medium,4.94,50,"First come, first served",1407.8418281056272,8829.410530403326,20660.90997146404,0.8480832656339278,33.56666666666667,0.9890659241603682,24.40747889116882,1660.0350805234548,2841.4299471142062,0.04969255543639092,5.05722662707099,0.009453373077600401
medium,4.94,50,Earliest due date first,1420.6028533838676,8564.80815810429,20428.335247518495,0.8381357401978115,33.733333333333334,0.989846949886472,27.319109517385403,1684.1536446324894,2962.118216517301,0.044256686639646006,5.175863445104469,0.007912409933599996
medium,4.94,50,Grouped,713.8109025332262,776.7546837154682,10847.579385454907,0.1977046207558133,6.1,0.9020269282173128,38.26029275874624,172.40090307362138,1696.4970405674114,0.028134551732647207,1.7330783824573637,0.019330452579936555
medium,4.94,50,"Grouped, max 5 in a row",799.0730092156535,678.6827221110308,6431.865800288191,0.2742811547441589,6.833333333333333,0.9208325289772074,25.472513164307262,205.13406264970675,1063.647894372961,0.048132228007609815,1.5414135621407041,0.020248304289647707
medium,4.94,50,OR-Tools planner,723.9923324049809,588.7795508295341,7970.1343897680845,0.2019199051902284,5.733333333333333,0.9039643191734945,32.412142994325855,108.15604172524642,1017.5779381363093,0.02905485828384449,1.333536934905913,0.0198285545245109
medium,4.94,50,PAIRED Grouped minus EDD (lateness s),,-7788.053474388822,,,,,,1584.6594909466944,,,,
medium,4.94,75,"First come, first served",1778.6144525399686,18333.123962298523,37310.71090113381,0.9284693308141315,59.6,0.9969770052642096,31.020628443541213,1696.1167328758268,3145.730754041577,0.019932847783871104,5.592587386024821,0.0033886577527812503
medium,4.94,75,Earliest due date first,1775.9070180253136,17856.063496765146,36748.14163573347,0.9246621859681347,58.6,0.997999009916287,30.636797624670734,1752.5833510450368,3042.349290992042,0.01918746024077506,5.432097924016244,0.0027614142773710127
medium,4.94,75,Grouped,877.4917769768492,1246.484692609537,13654.43901200749,0.28650426141832064,7.833333333333333,0.9459726688537536,51.036739158663764,252.16946956425707,2297.699054467219,0.029658259466371184,1.9243090007111785,0.015302837829983863
medium,4.94,75,"Grouped, max 5 in a row",996.029600859251,1829.584705830494,9894.3184583537,0.4585898573194877,10.333333333333334,0.9633484972880612,37.02416344155263,526.7500956844513,1487.5961686486241,0.06289187507196849,1.9149164716100318,0.01342078912476694
medium,4.94,75,OR-Tools planner,898.921636418,1046.6903466070194,10957.947907486176,0.29425793456687216,7.566666666666666,0.9501237745524554,48.182147944987925,184.94631040872372,1354.2256767351494,0.035155534954198965,1.4731507589345183,0.014951531133777108
medium,4.94,75,PAIRED Grouped minus EDD (lateness s),,-16609.578804155608,,,,,,1660.983102659648,,,,
medium,4.94,100,"First come, first served",2045.6271050311504,25693.3428120209,51199.023793627886,0.945089534435962,78.76666666666667,0.9994174033965204,32.27359203674342,1602.3227093413248,3138.524213832218,0.013965692351712218,5.250338579420945,0.0011915438428422988
medium,4.94,100,Earliest due date first,2043.367922127731,25272.31850781669,50310.632763829715,0.9474448380671022,77.9,0.9993447366946528,28.284292007843664,1682.9387070666635,3037.0720617390703,0.012319364305327828,5.29834864693811,0.001340163935497972
medium,4.94,100,Grouped,974.2132946952762,1851.9382616406922,16002.390246118684,0.38014007944188827,8.6,0.9707612338355459,61.95605250934433,319.2582918829511,2502.1212512889883,0.03176095673455411,1.799096695245618,0.010249378336644454
medium,4.94,100,"Grouped, max 5 in a row",1152.1970246342544,3558.7531113796776,14044.983690048364,0.6097752978090815,16.3,0.9829436012369349,38.7811958049356,875.156034081646,1858.8268059628922,0.06073193287825216,2.8185575292620397,0.009492920452205508
medium,4.94,100,OR-Tools planner,990.3554622065869,1617.5497989248663,13798.375795920905,0.37033154688032877,8.933333333333334,0.9735336337256935,60.6834891453358,285.78834461047677,1753.9321938798898,0.03562026664208142,1.537822277837203,0.010208773533924803
medium,4.94,100,PAIRED Grouped minus EDD (lateness s),,-23420.38024617599,,,,,,1540.9303364219597,,,,
heavy,5.92,0,"First come, first served",0.0,243.81552093437415,2514.7420734696707,0.13118407470118093,5.1,0.8413281701962669,0.0,165.71987870956633,804.9988616992708,0.05917885362947689,1.9149583181036633,0.0264747801462371
heavy,5.92,0,Earliest due date first,0.0,186.36979949598904,2043.7671923443347,0.10466912303898895,4.333333333333333,0.8413281701962669,0.0,139.96552047151167,761.3115783628182,0.05443359247450098,1.6212267048052766,0.0264747801462371
heavy,5.92,0,Grouped,0.0,1359.2512539616232,14746.647589299835,0.21066433563670203,7.233333333333333,0.8413281701962669,0.0,579.8009106254467,3460.5806727490176,0.04695247902513058,3.1588563064488135,0.0264747801462371
heavy,5.92,0,"Grouped, max 5 in a row",0.0,315.09616738772513,4557.451303084237,0.16811264979496102,5.433333333333334,0.8413281701962669,0.0,152.41504441323968,909.8810269274946,0.04636750641975294,1.8363481127055825,0.0264747801462371
heavy,5.92,0,OR-Tools planner,0.0,100.42864925573157,2418.911202571634,0.05203913769427259,4.1,0.8413281701962669,0.0,72.2757802842712,895.4574286522527,0.024927290744796826,1.5265778688123797,0.0264747801462371
heavy,5.92,0,PAIRED Grouped minus EDD (lateness s),,1172.8814544656343,,,,,,458.7138701800707,,,,
heavy,5.92,5,"First come, first served",196.38611276479736,640.2449050562287,3893.3051289816603,0.2552630634401847,6.7,0.8893927554735171,4.838331381986228,359.1446092756476,1063.4063093420466,0.08444796516946683,2.3781623575993653,0.025053749266168202
heavy,5.92,5,Earliest due date first,205.6608768759899,546.2737444578667,3473.405025046175,0.22317583173376535,6.333333333333333,0.8917334459515847,5.088535404639123,325.11063142533595,1033.0812662443964,0.08433827159204631,2.3046133687208807,0.025014697086071878
heavy,5.92,5,Grouped,81.78527943146383,1437.512532640488,15034.380773845163,0.22817650870617795,7.033333333333333,0.8635580331403016,8.563671392798266,558.1632143402852,3453.7191675501376,0.04720652693169358,3.1079127461115483,0.024330128316444086
heavy,5.92,5,"Grouped, max 5 in a row",100.92743413597198,434.37213176617917,4893.597373770344,0.20643507477909942,5.833333333333333,0.8678952818549206,4.747946273367035,202.46572403228544,879.2644553175392,0.05305947530287089,1.8659573691379607,0.02500659353867265
heavy,5.92,5,OR-Tools planner,105.46295807340351,195.25556195070178,3808.478275397819,0.1116240587628947,4.8,0.868772808297744,4.563608144979129,107.28154202743887,1055.3880989355162,0.029723239379748752,1.478742926320252,0.025084893422579305
heavy,5.92,5,PAIRED Grouped minus EDD (lateness s),,891.2387881826211,,,,,,290.88442078915676,,,,
heavy,5.92,10,"First come, first served",385.52242965654034,1491.6579886668035,6103.952912578245,0.41103731356243256,11.333333333333334,0.927515328232701,7.986490691752864,673.73412928508,1449.6947985412398,0.1007277972938127,3.2424534096105533,0.02168934926314959
heavy,5.92,10,Earliest due date first,397.54547555711827,1411.2568259898069,5779.195279350752,0.3790237000001493,10.9,0.9299969806949265,8.886403266813096,663.2673101964867,1475.21932444781,0.10593072100562112,3.208192038134299,0.021137197680123516
heavy,5.92,10,Grouped,151.9014790983779,1645.7657567246092,16684.652868961806,0.2440596216940701,8.433333333333334,0.8825107297325065,16.352492744976228,600.4538227760177,3623.7859435624896,0.046347486104025254,3.324961092870215,0.022236272519829604
heavy,5.92,10,"Grouped, max 5 in a row",192.25305562098097,576.9854213466616,5683.692920974066,0.2416360405514474,6.566666666666666,0.8913976482670509,9.897870584723153,255.30597397748795,965.1295913921102,0.06096447072936616,2.0632128581773928,0.023136083928427788
heavy,5.92,10,OR-Tools planner,194.2266885330426,297.8720234327506,4886.977528007713,0.1487813957263478,4.9,0.8911377076895425,8.546018443694622,141.32671926067013,1003.2345516128597,0.033389427607610135,1.5265778688123797,0.023328545407053255
heavy,5.92,10,PAIRED Grouped minus EDD (lateness s),,234.5089307348021,,,,,,352.92547064723846,,,,
heavy,5.92,25,"First come, first served",876.9703714400929,6805.302204767258,16947.996557389542,0.7813311478295212,31.366666666666667,0.9838894110689936,14.308000384117884,1673.5076059070004,2655.2657518158417,0.0646997125350061,5.863606653524429,0.008778052861015078
heavy,5.92,25,Earliest due date first,888.3229780618273,6782.036956033917,17017.520742602395,0.7735669893182615,31.233333333333334,0.9849106503591568,17.70560649798573,1732.0851184900653,2839.1948597059027,0.07027978035917255,5.917639972149505,0.008170995229522025
heavy,5.92,25,Grouped,315.47419422476554,1963.149974939908,17608.866022259688,0.3011461703297249,9.633333333333333,0.9270319735551684,37.363804299409466,630.8190505867582,3480.4879665613144,0.04826772650878623,3.442611201617276,0.01641144002880023
heavy,5.92,25,"Grouped, max 5 in a row",414.5421315051714,1293.4462343349735,7895.76065568508,0.3811210080639576,9.366666666666667,0.9424159348209088,22.877582839936085,490.7510290118906,1232.863883094931,0.07980681439399333,2.653971920640594,0.016366034899998855
heavy,5.92,25,OR-Tools planner,401.28123498074996,760.6387215649563,8050.407719344067,0.2545144020856834,7.7,0.9376940667511977,19.70527274524889,269.4220838627842,1501.82648887872,0.03864166011327361,2.0266915432936554,0.0170485162796303
heavy,5.92,25,PAIRED Grouped minus EDD (lateness s),,-4818.886981094008,,,,,,1330.2053666132824,,,,
heavy,5.92,50,"First come, first served",1426.9280734770807,18057.82134657549,36695.90651727564,0.9316996007618592,66.76666666666667,0.9970971513562333,25.89022392125908,1811.5743335753116,2957.310570284259,0.02304403295033979,6.465117925545825,0.004088248366303278
heavy,5.92,50,Earliest due date first,1436.3691058526774,18156.805054915196,37055.06424465486,0.9301124620815978,67.4,0.9974175789390176,26.841834278086328,1916.6039184709732,3239.9244569843477,0.023598878428120175,6.8077397953207335,0.0038736755649559657
heavy,5.92,50,Grouped,477.8404317228672,2884.516555473839,21049.126244452884,0.4022407413899644,11.233333333333333,0.9678024931076583,60.80589778113354,751.6745518877628,3643.32170647369,0.04951450835944615,3.505169829147856,0.009429549596646089
heavy,5.92,50,"Grouped, max 5 in a row",679.8809231119793,3499.4180007723567,13648.126170336262,0.6093950803428997,18.733333333333334,0.982353793084951,30.443624004427143,1030.2350985751623,2113.891659676144,0.08054160544580334,4.519265855768194,0.0077256325032838335
heavy,5.92,50,OR-Tools planner,638.1508298319119,1888.2939404250326,14467.673348563103,0.36666105499897067,11.366666666666667,0.9748315510341844,34.66843595591626,536.6221787287691,2586.232187770539,0.039297290535421026,2.57676047420647,0.009381242842914129
heavy,5.92,50,PAIRED Grouped minus EDD (lateness s),,-15272.288499441356,,,,,,1516.2154384640387,,,,
heavy,5.92,75,"First come, first served",1783.9320050815766,26716.88855272949,52364.09546317377,0.9489080552450747,93.1,0.9982664405949291,28.513541482010698,1679.082880411296,2627.0694272621777,0.01143666452191298,6.456684005442348,0.0028429170777243924
heavy,5.92,75,Earliest due date first,1794.7861917493494,26862.128872110512,52761.001205779714,0.9483739979051272,93.66666666666667,0.9987340124419667,30.097415128115596,1748.944456723936,2922.7365703221108,0.011278902227715394,6.529976497311039,0.002589235280260982
heavy,5.92,75,Grouped,566.6447401821489,3904.3422160830405,25154.59661864199,0.49107658519269765,15.066666666666666,0.9876176655812081,77.7707651096579,906.4908938155376,4244.568766891306,0.04513582247699532,4.2472336208237955,0.005308860273377628
heavy,5.92,75,"Grouped, max 5 in a row",874.8188525168885,6533.053464225918,19532.5539038375,0.7716632421533521,28.133333333333333,0.9938216530653394,24.617028309798194,1516.2564326856595,2745.0713721292855,0.05518009928207843,5.678867211057344,0.004250860833540408
heavy,5.92,75,OR-Tools planner,808.3029187617062,2995.848023395404,19874.078880357913,0.44802283392589914,15.3,0.9906643298128096,42.044204943570826,719.7304335977794,3642.081765053279,0.02927474868841214,3.1868399416251942,0.004818556479101753
heavy,5.92,75,PAIRED Grouped minus EDD (lateness s),,-22957.786656027467,,,,,,1476.2555076017743,,,,
heavy,5.92,100,"First come, first served",2034.2798116836373,32982.848663612,64699.74776653093,0.952722012992805,113.56666666666666,0.9993356899882624,32.80344928571487,1621.1891139866034,2448.3220900355877,0.008942167987196867,5.96538409674649,0.0012241437669588677
heavy,5.92,100,Earliest due date first,2050.522004510004,33076.669065383154,64722.027039427005,0.9538768704461631,114.43333333333334,0.9995137835325016,34.19152245146342,1685.720529077384,2700.9657046742695,0.007882461405522878,6.224135173320423,0.0009944243318206997
heavy,5.92,100,Grouped,601.9398795754437,4635.743648145476,26829.627929447404,0.5642770514130812,17.7,0.995149307836408,79.64606426626823,983.4637673932692,4114.362111952659,0.04481128211617419,4.573430205739485,0.003370925298450168
heavy,5.92,100,"Grouped, max 5 in a row",1052.5481718672277,10208.574359145252,26036.394581537203,0.862112146964803,41.06666666666667,0.9984078355254218,19.41570085109683,1768.6339015407195,2852.1295580860947,0.034523039531366866,5.865615245770278,0.0026308299642430594
heavy,5.92,100,OR-Tools planner,926.5055034446773,4045.831609495933,24966.39397213715,0.5137057462308823,19.3,0.9968118213417594,61.439794773751984,829.3175745907987,4420.150620468132,0.027006273435976256,4.011112924999553,0.0029970217012454214
heavy,5.92,100,PAIRED Grouped minus EDD (lateness s),,-28440.92541723768,,,,,,1535.338673535594,,,,
